<?xml version="1.0" encoding="UTF-8"?>
<rss version="2.0" xmlns:ror="http://rorweb.com/0.1/" >
<channel>
  <title>ROR Sitemap for https://gilmarwebdesign.com.br/</title>
  <link>https://gilmarwebdesign.com.br/</link>

<item>
     <link>https://gilmarwebdesign.com.br/</link>
     <title>Criação de Sites Profissionais - Gilmar Web Design</title>
     <description>Criação de Sites Profissionais - Gilmar Web Design</description>
     <ror:updatePeriod></ror:updatePeriod>
     <ror:sortOrder>0</ror:sortOrder>
     <ror:resourceOf>sitemap</ror:resourceOf>
</item>
<item>
     <link>https://gilmarwebdesign.com.br/index.html</link>
     <title>Criação de Sites Profissionais - Gilmar Web Design</title>
     <description>Criação de Sites Profissionais - Gilmar Web Design</description>
     <ror:updatePeriod></ror:updatePeriod>
     <ror:sortOrder>1</ror:sortOrder>
     <ror:resourceOf>sitemap</ror:resourceOf>
</item>
<item>
     <link>https://gilmarwebdesign.com.br/sobre.html</link>
     <title>Gilmar Web Design - Criação de Sites Sobre Nós</title>
     <description>Gilmar Web Design - Criação de Sites Sobre Nós</description>
     <ror:updatePeriod></ror:updatePeriod>
     <ror:sortOrder>1</ror:sortOrder>
     <ror:resourceOf>sitemap</ror:resourceOf>
</item>
<item>
     <link>https://gilmarwebdesign.com.br/modelos.html</link>
     <title>Gilmar Web Design - Criação de Sites nossos modelos</title>
     <description>Gilmar Web Design - Criação de Sites nossos modelos</description>
     <ror:updatePeriod></ror:updatePeriod>
     <ror:sortOrder>1</ror:sortOrder>
     <ror:resourceOf>sitemap</ror:resourceOf>
</item>
<item>
     <link>https://gilmarwebdesign.com.br/servicos.html</link>
     <title>Gilmar Web Design - Criação de Sites - Serviços</title>
     <description>Gilmar Web Design - Criação de Sites - Serviços</description>
     <ror:updatePeriod></ror:updatePeriod>
     <ror:sortOrder>1</ror:sortOrder>
     <ror:resourceOf>sitemap</ror:resourceOf>
</item>
<item>
     <link>https://gilmarwebdesign.com.br/precos.html</link>
     <title>Gilmar Web Design - Nossos preços para criação de Sites</title>
     <description>Gilmar Web Design - Nossos preços para criação de Sites</description>
     <ror:updatePeriod></ror:updatePeriod>
     <ror:sortOrder>1</ror:sortOrder>
     <ror:resourceOf>sitemap</ror:resourceOf>
</item>
<item>
     <link>https://gilmarwebdesign.com.br/contato.html</link>
     <title>Gilmar Web Design - Criação de Sites</title>
     <description>Gilmar Web Design - Criação de Sites</description>
     <ror:updatePeriod></ror:updatePeriod>
     <ror:sortOrder>1</ror:sortOrder>
     <ror:resourceOf>sitemap</ror:resourceOf>
</item>
<item>
     <link>https://gilmarwebdesign.com.br/criacao-do-site-andre-som-e-luz.html</link>
     <title>Gilmar Web Design - Criação do site André Som e Luz</title>
     <description>Gilmar Web Design - Criação do site André Som e Luz</description>
     <ror:updatePeriod></ror:updatePeriod>
     <ror:sortOrder>1</ror:sortOrder>
     <ror:resourceOf>sitemap</ror:resourceOf>
</item>
<item>
     <link>https://gilmarwebdesign.com.br/criacao-do-site-buffet-crepe-e-cia.html</link>
     <title>Gilmar Web Design - Criação do site Buffet Crepe e Cia</title>
     <description>Gilmar Web Design - Criação do site Buffet Crepe e Cia</description>
     <ror:updatePeriod></ror:updatePeriod>
     <ror:sortOrder>1</ror:sortOrder>
     <ror:resourceOf>sitemap</ror:resourceOf>
</item>
<item>
     <link>https://gilmarwebdesign.com.br/criacao-do-site-relux-assessoria-juridica.html</link>
     <title>Gilmar Web Design - Criação do site Relux Cobrança</title>
     <description>Gilmar Web Design - Criação do site Relux Cobrança</description>
     <ror:updatePeriod></ror:updatePeriod>
     <ror:sortOrder>1</ror:sortOrder>
     <ror:resourceOf>sitemap</ror:resourceOf>
</item>
<item>
     <link>https://gilmarwebdesign.com.br/criacao-do-site-open-service-bar.html</link>
     <title>Gilmar Web Design - Criação do site Open Service Bar</title>
     <description>Gilmar Web Design - Criação do site Open Service Bar</description>
     <ror:updatePeriod></ror:updatePeriod>
     <ror:sortOrder>1</ror:sortOrder>
     <ror:resourceOf>sitemap</ror:resourceOf>
</item>
<item>
     <link>https://gilmarwebdesign.com.br/criacao-do-site-givas-park.html</link>
     <title>Gilmar Web Design - Criação do site Giva's Park</title>
     <description>Gilmar Web Design - Criação do site Giva's Park</description>
     <ror:updatePeriod></ror:updatePeriod>
     <ror:sortOrder>1</ror:sortOrder>
     <ror:resourceOf>sitemap</ror:resourceOf>
</item>
<item>
     <link>https://gilmarwebdesign.com.br/criacao-do-site-indymar-imoveis.html</link>
     <title>Criação do site Indimar Imóveis - Senhor do Bomfin - BA</title>
     <description>Criação do site Indimar Imóveis - Senhor do Bomfin - BA</description>
     <ror:updatePeriod></ror:updatePeriod>
     <ror:sortOrder>1</ror:sortOrder>
     <ror:resourceOf>sitemap</ror:resourceOf>
</item>
<item>
     <link>https://gilmarwebdesign.com.br/criacao-do-site-churrasco-brasa-viva.html</link>
     <title>Gilmar Web Design - Criação do site Churrasco Brasa Viva</title>
     <description>Gilmar Web Design - Criação do site Churrasco Brasa Viva</description>
     <ror:updatePeriod></ror:updatePeriod>
     <ror:sortOrder>1</ror:sortOrder>
     <ror:resourceOf>sitemap</ror:resourceOf>
</item>
<item>
     <link>https://gilmarwebdesign.com.br/criacao-do-site-dg-eventos.html</link>
     <title>Gilmar Web Design - Criação do site DG Eventos</title>
     <description>Gilmar Web Design - Criação do site DG Eventos</description>
     <ror:updatePeriod></ror:updatePeriod>
     <ror:sortOrder>1</ror:sortOrder>
     <ror:resourceOf>sitemap</ror:resourceOf>
</item>
<item>
     <link>https://gilmarwebdesign.com.br/criacao-do-site-globo-site-host.html</link>
     <title>Gilmar Web Design - Criação do site Globo Sites Host</title>
     <description>Gilmar Web Design - Criação do site Globo Sites Host</description>
     <ror:updatePeriod></ror:updatePeriod>
     <ror:sortOrder>1</ror:sortOrder>
     <ror:resourceOf>sitemap</ror:resourceOf>
</item>
<item>
     <link>https://gilmarwebdesign.com.br/criacao-do-site-mdf-moveis.html</link>
     <title>Gilmar Web Design - Criação do site MDF Móveis</title>
     <description>Gilmar Web Design - Criação do site MDF Móveis</description>
     <ror:updatePeriod></ror:updatePeriod>
     <ror:sortOrder>1</ror:sortOrder>
     <ror:resourceOf>sitemap</ror:resourceOf>
</item>
<item>
     <link>https://gilmarwebdesign.com.br/criacao-do-site-moreno-dj.html</link>
     <title>Gilmar Web Design - Criação do site Moreno DJ</title>
     <description>Gilmar Web Design - Criação do site Moreno DJ</description>
     <ror:updatePeriod></ror:updatePeriod>
     <ror:sortOrder>1</ror:sortOrder>
     <ror:resourceOf>sitemap</ror:resourceOf>
</item>
<item>
     <link>https://gilmarwebdesign.com.br/criacao-do-site-shana-festas.html</link>
     <title>Gilmar Web Design - Shana Festas e Decoração</title>
     <description>Gilmar Web Design - Shana Festas e Decoração</description>
     <ror:updatePeriod></ror:updatePeriod>
     <ror:sortOrder>1</ror:sortOrder>
     <ror:resourceOf>sitemap</ror:resourceOf>
</item>
<item>
     <link>https://gilmarwebdesign.com.br/faq.html</link>
     <title>Gilmar Web Design - Perguntas Frequentes</title>
     <description>Gilmar Web Design - Perguntas Frequentes</description>
     <ror:updatePeriod></ror:updatePeriod>
     <ror:sortOrder>1</ror:sortOrder>
     <ror:resourceOf>sitemap</ror:resourceOf>
</item>
<item>
     <link>https://gilmarwebdesign.com.br/politica-de-cookies.html</link>
     <title>Gilmar Web Design - Criação de Sites Política de Cookies</title>
     <description>Gilmar Web Design - Criação de Sites Política de Cookies</description>
     <ror:updatePeriod></ror:updatePeriod>
     <ror:sortOrder>1</ror:sortOrder>
     <ror:resourceOf>sitemap</ror:resourceOf>
</item>
<item>
     <link>https://gilmarwebdesign.com.br/termos-de-uso.html</link>
     <title>Gilmar Web Design - Criação de Sites</title>
     <description>Gilmar Web Design - Criação de Sites</description>
     <ror:updatePeriod></ror:updatePeriod>
     <ror:sortOrder>1</ror:sortOrder>
     <ror:resourceOf>sitemap</ror:resourceOf>
</item>
<item>
     <link>https://gilmarwebdesign.com.br/termos-de-servico.html</link>
     <title>Gilmar Web Design - Criação de Sites</title>
     <description>Gilmar Web Design - Criação de Sites</description>
     <ror:updatePeriod></ror:updatePeriod>
     <ror:sortOrder>1</ror:sortOrder>
     <ror:resourceOf>sitemap</ror:resourceOf>
</item>
<item>
     <link>https://gilmarwebdesign.com.br/politica-de-privacidade.html</link>
     <title>Gilmar Web Design - Criação de Sites Política de Privacidade</title>
     <description>Gilmar Web Design - Criação de Sites Política de Privacidade</description>
     <ror:updatePeriod></ror:updatePeriod>
     <ror:sortOrder>1</ror:sortOrder>
     <ror:resourceOf>sitemap</ror:resourceOf>
</item>
<item>
     <link>https://gilmarwebdesign.com.br/criacao-de-site.html</link>
     <title>Gilmar Web Design - Criação de Sites</title>
     <description>Gilmar Web Design - Criação de Sites</description>
     <ror:updatePeriod></ror:updatePeriod>
     <ror:sortOrder>1</ror:sortOrder>
     <ror:resourceOf>sitemap</ror:resourceOf>
</item>
<item>
     <link>https://gilmarwebdesign.com.br/criacao-de-blogs.html</link>
     <title>Gilmar Web Design - Criação de Sites</title>
     <description>Gilmar Web Design - Criação de Sites</description>
     <ror:updatePeriod></ror:updatePeriod>
     <ror:sortOrder>1</ror:sortOrder>
     <ror:resourceOf>sitemap</ror:resourceOf>
</item>
<item>
     <link>https://gilmarwebdesign.com.br/criacao-de-landing-pages.html</link>
     <title>Gilmar Web Design - Criação de Sites</title>
     <description>Gilmar Web Design - Criação de Sites</description>
     <ror:updatePeriod></ror:updatePeriod>
     <ror:sortOrder>1</ror:sortOrder>
     <ror:resourceOf>sitemap</ror:resourceOf>
</item>
<item>
     <link>https://gilmarwebdesign.com.br/criacao-de-marca-digital.html</link>
     <title>Gilmar Web Design - Criação de Sites</title>
     <description>Gilmar Web Design - Criação de Sites</description>
     <ror:updatePeriod></ror:updatePeriod>
     <ror:sortOrder>1</ror:sortOrder>
     <ror:resourceOf>sitemap</ror:resourceOf>
</item>
<item>
     <link>https://gilmarwebdesign.com.br/criacao-de-perfis-sociais.html</link>
     <title>Gilmar Web Design - Criação de Sites</title>
     <description>Gilmar Web Design - Criação de Sites</description>
     <ror:updatePeriod></ror:updatePeriod>
     <ror:sortOrder>1</ror:sortOrder>
     <ror:resourceOf>sitemap</ror:resourceOf>
</item>
<item>
     <link>https://gilmarwebdesign.com.br/configuracao-de-dominio.html</link>
     <title>Configuração de domínio - Gilmar Web Design</title>
     <description>Configuração de domínio - Gilmar Web Design</description>
     <ror:updatePeriod></ror:updatePeriod>
     <ror:sortOrder>1</ror:sortOrder>
     <ror:resourceOf>sitemap</ror:resourceOf>
</item>
<item>
     <link>https://gilmarwebdesign.com.br/configuracao-de-hospedagem.html</link>
     <title>Gilmar Web Design - Criação de Sites</title>
     <description>Gilmar Web Design - Criação de Sites</description>
     <ror:updatePeriod></ror:updatePeriod>
     <ror:sortOrder>1</ror:sortOrder>
     <ror:resourceOf>sitemap</ror:resourceOf>
</item>
<item>
     <link>https://gilmarwebdesign.com.br/configuracao-de-email.html</link>
     <title>Configuração de email - Gilmar Web Design</title>
     <description>Configuração de email - Gilmar Web Design</description>
     <ror:updatePeriod></ror:updatePeriod>
     <ror:sortOrder>1</ror:sortOrder>
     <ror:resourceOf>sitemap</ror:resourceOf>
</item>
<item>
     <link>https://gilmarwebdesign.com.br/configuracao-de-wordpress.html</link>
     <title>Gilmar Web Design - Criação de Sites</title>
     <description>Gilmar Web Design - Criação de Sites</description>
     <ror:updatePeriod></ror:updatePeriod>
     <ror:sortOrder>1</ror:sortOrder>
     <ror:resourceOf>sitemap</ror:resourceOf>
</item>
<item>
     <link>https://gilmarwebdesign.com.br/configuracao-de-lgpd.html</link>
     <title>Gilmar Web Design - Criação de Sites</title>
     <description>Gilmar Web Design - Criação de Sites</description>
     <ror:updatePeriod></ror:updatePeriod>
     <ror:sortOrder>1</ror:sortOrder>
     <ror:resourceOf>sitemap</ror:resourceOf>
</item>
<item>
     <link>https://gilmarwebdesign.com.br/indexacao-no-google.html</link>
     <title>Gilmar Web Design - Criação de Sites</title>
     <description>Gilmar Web Design - Criação de Sites</description>
     <ror:updatePeriod></ror:updatePeriod>
     <ror:sortOrder>1</ror:sortOrder>
     <ror:resourceOf>sitemap</ror:resourceOf>
</item>
<item>
     <link>https://gilmarwebdesign.com.br/indexacao-no-bing.html</link>
     <title>Gilmar Web Design - Criação de Sites</title>
     <description>Gilmar Web Design - Criação de Sites</description>
     <ror:updatePeriod></ror:updatePeriod>
     <ror:sortOrder>1</ror:sortOrder>
     <ror:resourceOf>sitemap</ror:resourceOf>
</item>
<item>
     <link>https://gilmarwebdesign.com.br/google-negocios.html</link>
     <title>Gilmar Web Design - Criação de Sites</title>
     <description>Gilmar Web Design - Criação de Sites</description>
     <ror:updatePeriod></ror:updatePeriod>
     <ror:sortOrder>1</ror:sortOrder>
     <ror:resourceOf>sitemap</ror:resourceOf>
</item>
<item>
     <link>https://gilmarwebdesign.com.br/google-maps.html</link>
     <title>Gilmar Web Design - Criação de Sites</title>
     <description>Gilmar Web Design - Criação de Sites</description>
     <ror:updatePeriod></ror:updatePeriod>
     <ror:sortOrder>1</ror:sortOrder>
     <ror:resourceOf>sitemap</ror:resourceOf>
</item>
<item>
     <link>https://gilmarwebdesign.com.br/otimizacao-seo.html</link>
     <title>Gilmar Web Design - Criação de Sites</title>
     <description>Gilmar Web Design - Criação de Sites</description>
     <ror:updatePeriod></ror:updatePeriod>
     <ror:sortOrder>1</ror:sortOrder>
     <ror:resourceOf>sitemap</ror:resourceOf>
</item>
</channel>
</rss>
  